{"theta0": 6331.833333333325, "theta1": -1106.0198809926267, "mu": 101066.25, "sigma": 51565.1899106445}